Symbol,Date,Quantity,Price,c. price_unnamed: 4_level_1_c. price_c. price,Proceeds,Commission,Basis,realized p/l_unnamed: 8_level_1_realized p/l_realized p/l,mtm p/l_mtm inÂ usd_mtm p/l_mtm p/l,code_code_code_code
AAPL,2025-01-16 11:28:57,-2168.0,230.524681273,228.2600,499777.51,-176.95,-499600.56,0.00,4909.83,O;P;SO
AAPL,2025-01-23 14:08:17,2168.0,222.75,223.6600,-482922.0,-162.68,499600.56,16515.88,1972.88,C;P;SO
AAPL,2025-01-24 12:40:48,2252.0,222.0,222.7800,-499944.0,-168.98,500112.98,0.00,1756.56,O;SO
AAPL,2025-01-27 14:07:24,-2252.0,231.290390764,229.8600,520865.96,-183.85,-500112.98,20569.13,3221.24,C;P;SO
AAPL,2025-06-25 11:22:45,1237.0,202.0,201.5600,-249874.0,-92.82,249966.82,0.00,-544.28,O;P
AAPL,2025-07-08 10:31:57,1196.0,209.7,210.0100,-250801.2,-89.73,250890.93,0.00,370.76,O;P
AAPL,2025-07-17 10:05:57,-1216.0,210.43,210.0200,255882.88,-91.43,-245723.24,10068.21,498.56,C;P
AAPL,2025-07-30 12:21:09,-1237.0,210.375,209.0500,260233.88,-93.01,-255134.50,800.36,1639.02,C;O;P
AAPL,2025-07-30 12:45:23,20.0,210.02,209.0500,-4200.4,-2.5,4206.00,3.10,-19.40,C
ADBE,2025-06-30 09:46:13,650.0,387.936615385,386.8800,-252158.8,-48.77,252207.57,0.00,-686.80,IM;O;P
ADBE,2025-07-09 11:56:44,-650.0,374.563076923,373.3800,243466.0,-48.88,-252207.57,-8790.45,769.00,C;P
ADBE,2025-07-23 10:26:12,400.0,373.6075,372.4600,-149443.0,-30.01,149473.01,0.00,-459.00,O
ADBE,2025-07-31 09:30:37,-400.0,357.964425,357.6900,143185.77,-30.08,-149473.01,-6317.32,109.77,C
ALL,2025-01-06 14:03:00,800.0,188.7,185.9100,-150960.0,-60.03,151020.03,0.00,-2232.00,O;P;SO
ALL,2025-01-14 10:29:14,812.0,185.0,186.8100,-150220.0,-60.93,150280.93,0.00,1469.72,O;P;SO
ALL,2025-01-15 11:07:56,530.0,188.785943396,188.0300,-100056.55,-39.77,100096.32,0.00,-400.65,O;P;SO
ALL,2025-02-11 09:30:00,-2142.0,186.9,189.4300,400339.8,-172.21,-401397.28,-1229.69,-5419.26,C;P;SO
AMZN,2025-02-21 13:47:27,2320.0,215.669377586,216.5800,-500352.96,-174.1,500527.06,0.00,2112.64,O;P;SO
AMZN,2025-02-26 13:33:24,-1089.0,214.93,214.3500,234058.77,-88.4,-234939.95,-969.58,631.62,C;P;SO
AMZN,2025-03-12 11:04:32,-1231.0,195.5,198.8900,240660.5,-99.26,-265587.11,-25025.87,-4173.09,C;P
AMZN,2025-05-01 14:43:59,2660.0,190.5,190.2000,-506730.0,-199.59,506929.59,0.00,-798.00,O;P
AMZN,2025-05-01 16:02:44,-2660.0,181.619605263,190.2000,483108.15,-213.47,-506929.59,-24034.91,-22823.85,C;P
AMZN,2025-09-23 12:49:12,673.0,222.769,220.7100,-149923.54,-50.49,149974.03,0.00,-1385.71,IA;O
AMZN,2025-09-25 14:29:48,920.0,217.00811087,218.1500,-199647.46,-69.02,199716.48,0.00,1050.54,IA;O
AMZN,2025-09-29 10:08:04,2258.0,221.38,222.1700,-499876.04,-169.4,500045.44,0.00,1783.82,O
AMZN,2025-10-01 10:53:43,683.0,219.78465593,220.6300,-150112.92,-51.24,150164.16,0.00,577.37,O
AMZN,2025-10-14 09:31:09,-2258.0,214.007849646,216.3900,483229.72,-169.77,-496958.10,-13898.15,-5378.90,C
AMZN,2025-11-06 10:37:18,-600.0,245.5,243.0400,147300.0,-45.11,-132873.01,14381.87,1476.00,C
AMZN,2025-11-07 09:24:01,-500.0,241.32,244.4100,120660.0,-37.59,-110727.51,9894.90,-1545.00,C
AMZN,2025-11-14 09:30:19,-673.0,235.140011144,234.6900,158249.23,-51.6,-148752.07,9445.56,302.86,C;P
AMZN,2025-11-18 10:47:40,-503.0,224.06,222.5500,112702.18,-37.82,-110589.42,2074.94,759.53,C
ANF,2025-02-14 09:46:05,2284.0,109.741346322,112.0700,-250649.24,-171.4,250820.63,0.00,5318.64,O;P
ANF,2025-02-19 13:37:10,951.0,105.118948475,105.1100,-99968.12,-71.37,100039.49,0.00,-8.51,O;P;SO
ANF,2025-02-24 10:05:06,-3235.0,99.522640495,102.1500,321955.74,-252.26,-350860.12,-29156.64,-8499.51,C;P;SO
ARGT,2025-01-14 09:47:52,2877.0,86.8,87.5600,-249723.6,-215.88,249939.48,0.00,2186.52,O;P;SO
ARGT,2025-01-15 11:07:36,1131.0,88.339089302,88.4200,-99911.51,-84.88,99996.39,0.00,91.51,O;P;SO
ARGT,2025-01-17 12:59:07,3541.0,84.72,84.8300,-299993.52,-265.7,300259.22,0.00,389.51,O;P;SO
ARGT,2025-01-27 13:58:08,3000.0,83.101376667,83.8300,-249304.13,-225.11,249529.24,0.00,2185.87,O;P;SO
ARGT,2025-02-11 10:25:18,-10549.0,83.2,83.1800,877676.8,-817.69,-899724.32,-22865.21,210.98,C;P;SO
ARGT,2025-03-03 10:36:57,1792.0,83.801216518,81.7000,-150171.78,-134.48,150306.26,0.00,-3765.38,O;P
ARGT,2025-03-27 11:28:00,-1792.0,85.484191964,85.1400,153187.67,-139.04,-150306.26,2742.37,616.79,C;P
ARGT,2025-03-28 10:10:13,1800.0,84.0,83.2100,-151200.0,-135.06,151335.06,0.00,-1422.00,O
ARGT,2025-03-31 09:41:43,-1800.0,79.92115,80.7700,143858.07,-139.38,-151335.06,-7616.37,-1527.93,C;P
ARGT,2025-06-10 15:46:38,3400.0,88.13,87.7600,-299642.0,-255.12,299897.12,0.00,-1258.00,O;P
ARGT,2025-06-30 13:57:11,-3400.0,83.525771765,84.7300,283987.62,-255.72,-299897.12,-16165.21,-4094.38,C;P
ARGT,2025-09-22 09:19:13,4800.0,73.472708333,74.3900,-352669.0,-360.11,353029.11,0.00,4403.00,O;P
ARGT,2025-10-01 11:10:00,-4800.0,68.103514583,67.5500,326896.87,-354.89,-353029.11,-26487.13,2656.87,C;P
B,2025-05-20 11:29:27,10741.0,18.607858672,18.6700,-199867.01,-806.07,200673.08,0.00,667.46,O;P
B,2025-06-03 04:00:05,-10741.0,19.898448003,20.0900,213729.23,-807.73,-200673.08,12248.42,-2057.46,C;P
B,2025-07-23 09:49:14,16000.0,21.88531,21.6100,-350164.96,-1200.43,351365.39,0.00,-4404.96,O
B,2025-08-21 10:38:11,-8000.0,25.39,25.5300,203120.0,-601.5,-175682.70,26835.80,-1120.00,C
B,2025-10-09 14:58:23,3000.0,32.839216667,33.0400,-98517.65,-225.07,98742.72,0.00,602.35,O
B,2025-10-16 09:50:38,-4500.0,35.810233333,35.6500,161146.05,-338.35,-98821.52,61986.19,721.05,C
B,2025-10-23 09:32:24,3000.0,32.239295,31.9400,-96717.88,-225.07,96942.95,0.00,-897.88,O
B,2025-11-12 10:50:57,-3000.0,37.422083333,37.3300,112266.25,-225.56,-65881.01,46159.68,276.25,C
B,2025-12-29 07:04:43,-2500.0,45.001,44.0200,112502.5,-187.92,-76808.65,35505.94,2452.50,C
BBWI,2025-06-03 15:23:51,5500.0,27.256745455,27.1500,-149912.1,-412.75,150324.85,0.00,-587.10,O;P
BBWI,2025-06-13 14:06:23,-5500.0,25.582290909,25.2100,140702.6,-413.65,-150324.85,-10035.90,2047.60,C;P
BCS,2025-03-26 10:02:03,3082.0,16.225,16.0600,-50005.45,-231.29,50236.74,0.00,-508.53,O
BCS,2025-03-27 11:20:24,6000.0,15.927083333,15.8800,-95562.5,-450.24,96012.74,0.00,-282.50,O;P
BCS,2025-03-28 10:13:19,-9082.0,15.434844748,15.3900,140179.26,-686.97,-146249.49,-6757.20,407.28,C;P
BYDDY,2025-06-26 12:03:46,2083.0,96.0,95.7200,-199968.0,-156.23,200124.23,0.00,-583.24,O;P
BYDDY,2025-07-10 09:30:46,-2083.0,91.682774844,91.7200,190975.22,-156.57,-200124.23,-9305.58,-77.54,C;P
CALM,2025-02-19 09:39:38,2744.0,91.284766764,92.0400,-250485.4,-205.93,250691.33,0.00,2072.36,O;P;SO
CALM,2025-02-19 09:41:14,1101.0,90.97729337,92.0400,-100166.0,-82.61,100248.61,0.00,1170.04,O;P;SO
CALM,2025-02-26 13:33:15,-2036.0,87.697701375,87.8900,178552.52,-158.1,-185963.39,-7568.97,-391.52,C;P;SO
CALM,2025-03-11 09:36:14,-1809.0,85.6,87.6300,154850.4,-140.34,-164976.55,-10266.49,-3672.27,C;P
CALM,2025-05-28 14:29:45,2140.0,93.6,93.4500,-200304.0,-160.57,200464.57,0.00,-321.00,O;SO
CALM,2025-06-04 12:09:19,-940.0,95.546585106,95.4000,89813.79,-70.7,-88054.53,1688.56,137.79,C;P
CALM,2025-06-10 15:43:38,-1200.0,96.11,96.1000,115332.0,-90.25,-112410.04,2831.70,12.00,C;P
CCL,2025-01-23 14:03:29,19669.0,25.578384768,25.6100,-503101.25,-1476.03,504577.28,0.00,621.84,O;P;SO
CCL,2025-01-28 11:01:10,-19669.0,27.623546494,27.7700,543327.54,-1494.42,-504577.28,37255.83,-2880.59,C;P;SO
CCL,2025-02-03 09:42:55,18726.0,26.69,27.0500,-499796.94,-1405.11,501202.05,0.00,6741.36,O;P;SO
CCL,2025-02-11 13:25:14,-18726.0,25.350645146,25.6100,474716.18,-1421.5,-501202.05,-27907.37,-4856.68,C;IM;P;SO
CCL,2025-02-18 10:25:26,2725.0,25.89,25.7300,-70550.25,-204.47,70754.72,0.00,-436.00,O;P;SO
CCL,2025-02-18 10:28:40,6931.0,25.995,25.7300,-180171.34,-520.14,180691.49,0.00,-1836.72,O;P;SO
CCL,2025-02-26 13:33:15,-4820.0,24.055,24.1200,115945.1,-365.75,-125371.47,-9792.11,-313.30,C;SO
CCL,2025-03-06 14:21:57,-4836.0,20.930599669,20.8700,101220.38,-366.54,-126074.74,-25220.90,293.06,C;P
DAL,2025-01-03 10:20:53,1327.0,57.34,59.0000,-76090.18,-99.57,76189.75,0.00,2202.82,O;P;SO
DAL,2025-01-15 11:07:32,1521.0,65.73,65.5000,-99975.33,-114.13,100089.46,0.00,-349.83,O;P;SO
DAL,2025-02-03 09:48:58,3833.0,65.24,66.4800,-250064.92,-287.61,250352.53,0.00,4752.92,O;P;SO
DAL,2025-02-05 13:56:02,-3740.0,69.356840107,69.0600,259394.58,-288.5,-232412.23,26693.85,1110.18,C;P;SO
DAL,2025-02-05 14:53:31,-3741.0,69.000182304,69.0600,258129.68,-288.54,-244343.55,13497.59,-223.78,C;IM;P;SO
DAL,2025-02-12 09:37:33,15314.0,65.457545383,66.3300,-1002416.85,-1149.09,1003565.94,0.00,13360.77,O;P;SO
DAL,2025-02-13 11:04:52,-15314.0,61.555508685,64.0600,942661.06,-1177.86,-1003565.94,-62082.74,-38353.78,C;P
DELL,2025-06-03 09:33:47,2780.0,108.6,111.9000,-301908.0,-208.6,302116.60,0.00,9174.00,O;P
DELL,2025-06-11 14:20:24,-2780.0,111.184316547,111.2400,309092.4,-209.09,-302116.60,6766.72,-154.80,C;P
DELL,2025-09-10 10:10:05,500.0,126.5,124.4500,-63250.0,-37.51,63287.51,0.00,-1025.00,O
DELL,2025-09-25 10:12:11,700.0,129.433228571,130.9600,-90603.26,-52.52,90655.78,0.00,1068.74,O
DELL,2025-10-10 13:03:24,-1200.0,152.039575,150.5700,182447.49,-90.23,-153943.29,28413.98,1763.49,C
DELL,2025-10-13 14:42:09,2285.0,153.12,153.4000,-349879.2,-171.43,350050.63,0.00,639.80,O
DELL,2025-10-20 10:13:38,500.0,150.235,147.8700,-75117.5,-37.51,75155.01,0.00,-1182.50,O
DELL,2025-11-04 09:33:58,-1000.0,154.6262,154.6400,154626.2,-75.19,-153195.02,1355.99,-13.80,C
DELL,2025-11-07 09:25:07,-700.0,146.827042857,146.7000,102778.93,-52.63,-107236.52,-4510.22,88.93,C
DELL,2025-11-17 04:42:02,-1085.0,128.97,122.4800,139932.45,-82.71,-164774.10,-24924.36,7041.65,C;P
DELL,2025-12-18 10:58:17,1200.0,125.8675,122.9400,-151041.0,-90.0,151131.00,0.00,-3513.00,O
DIA,2025-01-21 09:30:00,4600.0,436.5,440.1000,-2007900.0,-345.16,2008245.16,0.00,16560.00,O;P
DIA,2025-02-05 11:33:33,-2300.0,446.130891304,448.6700,1026101.05,-201.5,-1004122.58,21776.97,-5839.95,C;P;SO
DIA,2025-02-20 10:34:52,2259.0,442.457410359,442.3900,-999511.29,-169.52,999680.81,0.00,-152.28,IM;O;P;SO
DIA,2025-02-26 13:33:15,-2279.0,433.902277315,434.3400,988863.29,-198.89,-994954.50,-6290.11,-997.57,C;P;SO
DIA,2025-03-03 15:12:39,-2280.0,430.8,432.0900,982224.0,-198.76,-1008848.88,-26823.65,-2941.20,C;P
DIS,2025-07-29 09:38:29,-1665.0,120.215,119.9100,200157.98,-125.2,-200032.78,0.00,507.82,O
DIS,2025-08-06 09:32:18,880.0,115.09,115.1700,-101279.2,-66.02,105723.03,4377.81,70.40,C
DIS,2025-08-18 10:26:44,-1375.0,116.27,116.5500,159871.25,-103.38,-159767.87,0.00,-385.00,O
DIS,2025-09-05 09:31:10,2160.0,119.105,117.9100,-257266.8,-162.06,254077.61,-3351.24,-2581.20,C
ETHA,2025-08-28 09:43:58,4300.0,34.73,33.5700,-149339.0,-322.59,149661.59,0.00,-4988.00,O
ETHA,2025-09-22 15:36:02,-4300.0,31.321860465,31.2900,134684.0,-323.31,-149661.59,-15300.90,137.00,C
FICO,2025-07-21 12:35:34,127.0,1561.47,1531.0900,-198306.69,-10.53,198317.22,0.00,-3858.26,O
FICO,2025-07-31 09:34:19,-127.0,1473.5,1436.7200,187134.5,-10.55,-198317.22,-11193.27,4671.06,C
GAP,2025-02-14 09:47:06,10936.0,22.862296086,22.7800,-250022.07,-820.63,250842.70,0.00,-899.99,O;P
GAP,2025-02-26 13:35:17,-5486.0,23.3,23.2900,127823.8,-416.11,-125810.17,1597.52,54.86,C;SO
GAP,2025-03-05 09:32:41,-5450.0,19.630473394,19.8400,106986.08,-412.84,-125032.52,-18459.28,-1141.92,C;P
GLD,2025-04-21 12:11:34,-1600.0,315.09050125,315.5900,504144.8,-134.35,-504010.45,0.00,-799.20,IM;O;P
GLD,2025-04-23 12:16:33,1600.0,303.47936875,303.6500,-485566.99,-120.06,504010.45,18323.40,273.01,C;P
GLD,2025-09-05 09:23:07,151.0,329.65,331.0500,-49777.15,-12.33,49789.48,0.00,211.40,O
GLD,2025-10-08 15:40:41,269.0,371.385,372.3000,-99902.56,-21.53,99924.09,0.00,246.14,O
GLD,2025-10-27 15:08:43,135.0,368.032592593,367.0100,-49684.4,-11.13,49695.53,0.00,-138.05,O
GLD,2025-11-24 08:14:10,266.0,375.2,380.2000,-99803.2,-21.29,99824.49,0.00,1330.00,O
GLD,2025-12-08 11:05:40,260.0,384.5,385.4200,-99970.0,-20.8,99990.80,0.00,239.20,O
GLD,2025-12-29 07:04:16,-300.0,409.16,398.6000,122748.0,-24.05,-105137.77,17586.18,3168.00,C
GM,2025-01-08 11:12:35,2946.0,50.926900781,51.0000,-150030.65,-221.08,150251.73,0.00,215.35,IM;O;P;SO
GM,2025-01-15 11:06:51,1909.0,52.36,51.7000,-99955.24,-143.26,100098.50,0.00,-1259.94,O;P;SO
GM,2025-01-28 11:12:31,5012.0,49.828477654,50.0400,-249740.33,-376.09,250116.42,0.00,1060.15,O;P;SO
GM,2025-02-11 07:39:32,-480.0,46.391,46.7000,22267.68,-36.72,-24475.02,-2244.06,-148.32,C;P;SO
GM,2025-02-11 09:30:01,-4664.0,46.36,46.7000,216223.04,-356.75,-240289.10,-24422.81,-1585.76,C;P;SO
GM,2025-02-25 10:44:46,-4723.0,45.954658056,46.7100,217043.85,-361.26,-235702.53,-19019.94,-3567.48,C;P;SO
GOLD,2025-03-26 10:11:58,2593.0,19.285,19.3100,-50006.01,-194.59,50200.60,0.00,64.82,O;P
GOLD,2025-03-27 11:19:35,3830.0,19.605,19.5600,-75087.15,-287.43,75374.58,0.00,-172.35,O;P
GOLD,2025-03-28 09:35:59,-6423.0,19.655,19.1400,126244.06,-486.6,-125575.18,182.29,3307.84,C
GOOGL,2025-02-05 11:34:12,5275.0,189.572388626,191.3300,-999994.35,-395.84,1000390.19,0.00,9271.40,O;P;SO
GOOGL,2025-02-26 13:33:15,-2646.0,173.104266818,172.7300,458033.89,-211.72,-501801.52,-43979.35,990.31,C;P;SO
GOOGL,2025-03-12 08:31:16,-1300.0,166.81,167.1100,216853.0,-103.8,-246545.70,-29796.51,-390.00,C
GOOGL,2025-03-13 13:35:48,-1329.0,162.319724605,162.7600,215722.91,-105.95,-252042.97,-36426.00,-585.13,C;P
GOOGL,2025-04-22 17:41:27,3246.0,153.990573013,151.4700,-499853.4,-243.59,500096.99,0.00,-8181.78,O;P
GOOGL,2025-04-28 09:46:48,-3246.0,162.0,160.6100,525852.0,-258.72,-500096.99,25496.29,4511.94,C;P
GOOGL,2025-05-07 11:23:49,3246.0,153.984288355,151.3800,-499833.0,-243.6,500076.60,0.00,-8453.52,IM;O;P
GOOGL,2025-05-07 12:17:26,-3246.0,149.5,151.3800,485277.0,-257.59,-500076.60,-15057.19,-6102.48,C;P
GOOGL,2025-05-21 09:34:54,1500.0,165.17,168.5600,-247755.0,-112.55,247867.55,0.00,5085.00,O;P
GOOGL,2025-05-30 11:38:21,-1500.0,169.550116667,171.7400,254325.18,-112.82,-247867.55,6344.81,-3284.83,C;P;SO
GOOGL,2025-06-03 09:54:55,3000.0,166.67,166.1800,-500010.0,-225.11,500235.11,0.00,-1470.00,O;P
GOOGL,2025-06-10 10:20:31,-1500.0,179.32,178.6000,268980.0,-112.8,-250117.55,18749.65,1080.00,C;P
GOOGL,2025-06-23 09:49:14,1514.0,165.1,165.1900,-249961.4,-113.6,250075.00,0.00,136.26,O
GOOGL,2025-06-30 09:38:57,-1500.0,179.3,176.2300,268950.0,-112.8,-250117.55,18719.65,4605.00,C
GOOGL,2025-06-30 10:47:37,-1514.0,176.15,176.2300,266691.1,-113.87,-250075.00,16502.23,-121.12,C;IM;P
GOOGL,2025-07-09 10:04:51,-2808.0,178.0,176.6200,499824.0,-211.13,-499612.87,0.00,3875.04,O
GOOGL,2025-07-10 10:41:03,2808.0,175.345995014,177.6200,-492371.55,-210.67,499612.87,7030.65,6385.41,C;P
GOOGL,2025-07-17 10:07:12,1373.0,181.838,183.5800,-249663.57,-103.01,249766.59,0.00,2391.77,O
GOOGL,2025-07-22 09:31:03,-1373.0,190.471949017,191.3400,261517.99,-103.24,-249766.59,11648.16,-1191.83,C;P
GRAB,2025-09-24 10:05:30,3800.0,6.25,6.2200,-23750.0,-285.08,24035.08,0.00,-114.00,O
GRAB,2025-10-10 11:31:14,-3800.0,5.900013158,5.8600,22420.05,-285.71,-24035.08,-1900.75,152.05,C
IBIT,2025-08-28 09:40:33,2336.0,64.195,63.5800,-149959.52,-175.26,150134.78,0.00,-1436.64,O
IBIT,2025-09-05 10:28:14,793.0,63.06,63.4200,-50006.58,-59.49,50066.07,0.00,285.48,O
IBIT,2025-09-25 13:47:46,-2336.0,61.99,62.1000,144808.64,-175.64,-150134.78,-5501.78,-256.96,C;P
IBIT,2025-10-10 14:54:30,-793.0,66.513234552,66.2000,52745.0,-59.62,-50066.07,2619.30,248.40,C
IBIT,2025-10-12 21:30:27,3044.0,65.7,65.8100,-199990.8,-228.37,200219.17,0.00,334.84,O
IBIT,2025-11-06 10:37:37,-1000.0,57.87,57.2600,57870.0,-75.19,-65775.02,-7980.21,610.00,C
IBIT,2025-11-07 09:25:33,-1000.0,56.84,58.8800,56840.0,-75.19,-65775.02,-9010.21,-2040.00,C
IBIT,2025-11-14 07:41:41,-1044.0,53.876302682,53.4750,56246.86,-81.97,-68669.12,-12504.23,418.96,C;P
INTU,2025-09-11 10:12:00,378.0,660.0,660.5200,-249480.0,-28.36,249508.36,0.00,196.56,O
INTU,2025-10-09 09:52:33,-378.0,649.689365079,644.9200,245582.58,-28.42,-249508.36,-3954.20,1802.82,C
META,2025-10-02 13:45:22,690.0,726.169724638,727.0500,-501057.11,-51.77,501108.88,0.00,607.39,O
META,2025-10-03 13:35:50,-690.0,714.389144928,710.5600,492928.51,-51.88,-501108.88,-8232.24,2642.11,C;IA
META,2025-11-03 09:30:04,300.0,654.98,637.7100,-196494.0,-24.01,196518.01,0.00,-5181.00,O
META,2025-11-05 09:54:30,120.0,630.944,635.9500,-75713.28,-10.0,75723.28,0.00,600.72,IA;O
META,2025-11-14 07:39:45,-420.0,599.0,609.4600,251580.0,-31.58,-272241.29,-20692.87,-4393.20,C
MRK,2025-02-04 09:31:54,-977.0,89.3,90.7400,87246.1,-75.9,-100270.92,-13100.72,-1406.88,C;SO
MRK,2025-02-19 14:38:25,1769.0,84.745,85.6000,-149913.9,-132.76,150046.66,0.00,1512.50,O;P;SO
MRK,2025-02-24 09:31:07,-1769.0,89.54,91.2700,158396.26,-137.43,-150046.66,8212.16,-3060.37,C;P;SO
MSFT,2025-01-02 13:43:52,240.0,416.335,418.5800,-99920.4,-19.21,99939.61,0.00,538.80,O;SO
MSFT,2025-01-14 10:31:50,480.0,416.985,415.6700,-200152.8,-36.02,200188.82,0.00,-631.20,O;P;SO
MSFT,2025-01-30 11:17:39,967.0,413.319948294,414.9900,-399680.39,-72.56,399752.95,0.00,1614.94,IM;O;P;SO
MSFT,2025-02-26 13:33:15,-1182.0,400.44606599,399.7300,473327.25,-102.06,-507192.03,-33966.83,846.39,C;P;SO
MSFT,2025-02-28 09:51:36,384.0,390.43,396.9900,-149925.12,-28.81,149953.93,0.00,2519.04,O;SO
MSFT,2025-03-12 08:35:11,-750.0,383.0,383.2700,287250.0,-64.39,-310857.22,-23671.62,-202.50,C
MSFT,2025-03-28 10:24:15,-823.0,385.0,378.8000,316855.0,-70.7,-331436.38,-14652.08,5102.60,C;P
MSFT,2025-05-06 14:31:47,-1147.0,435.67,433.3100,499713.49,-100.15,-499613.34,0.00,2706.92,O
MSFT,2025-05-12 08:10:23,1147.0,448.05,449.2600,-513913.35,-86.08,499613.34,-14386.09,1387.87,C;P
MSFT,2025-05-12 09:30:35,1147.0,445.0,449.2600,-510415.0,-86.07,510501.07,0.00,4886.22,O
MSFT,2025-05-12 09:46:27,-1147.0,441.72,449.2600,506652.84,-100.35,-510501.07,-3948.58,-8648.38,C;IM;P
MSFT,2025-08-05 10:38:35,-936.0,533.4,527.7500,499262.4,-70.38,-499192.02,0.00,5288.40,O
MSFT,2025-08-07 09:30:38,936.0,527.434871795,520.8400,-493679.04,-70.23,499192.02,5442.76,-6172.80,C
MSFT,2025-09-10 10:10:08,500.0,500.4838,500.3700,-250241.9,-37.51,250279.41,0.00,-56.90,O
MSFT,2025-09-25 10:43:31,300.0,509.8,507.0300,-152940.0,-24.01,152964.01,0.00,-831.00,O
MSFT,2025-10-10 13:04:19,-800.0,513.9,510.9600,411120.0,-60.15,-403243.42,7816.43,2352.00,C
MSFT,2025-11-25 08:28:10,300.0,472.28,476.9900,-141684.0,-24.01,141708.01,0.00,1413.00,O
MSFT,2025-12-10 09:35:12,-300.0,480.76,478.5600,144228.0,-24.05,-141708.01,2495.94,660.00,C
MU,2025-07-21 10:27:16,1736.0,115.237839631,113.2300,-200052.89,-130.25,200183.14,0.00,-3485.61,O
MU,2025-07-22 09:43:17,-1736.0,110.861774194,109.2200,192456.04,-131.53,-200183.14,-7858.63,2850.12,C;P
NFLX,2025-07-14 10:58:19,250.0,1265.168,1261.9500,-316292.0,-20.01,316312.01,0.00,-804.50,O;P
NFLX,2025-07-18 09:30:56,-250.0,1229.47256,1209.2400,307368.14,-20.05,-316312.01,-8963.92,5058.14,C;P
NFLX,2025-07-25 10:04:26,100.0,1182.0,1180.4900,-118200.0,-8.5,118208.50,0.00,-151.00,O
NFLX,2025-09-10 09:55:47,-100.0,1250.97,1247.7100,125097.0,-8.52,-118208.50,6879.98,326.00,C
NLR,2025-11-19 09:54:17,1500.0,129.819666667,129.6000,-194729.5,-112.53,194842.03,0.00,-329.50,O
NLR,2025-11-24 08:50:34,408.0,122.6,125.3400,-50020.8,-30.61,50051.41,0.00,1117.92,O
NLR,2025-11-26 09:33:01,393.0,127.325852417,128.3400,-50039.06,-29.48,50068.54,0.00,398.56,O
NLR,2025-12-15 09:33:33,760.0,131.433421053,126.5000,-99889.4,-57.0,99946.40,0.00,-3749.40,O
NLR,2025-12-23 09:35:09,1160.0,129.32,128.4900,-150011.2,-87.0,150098.20,0.00,-962.80,O
NU,2025-08-21 10:49:29,10950.0,13.71,13.6700,-150124.5,-821.49,150945.99,0.00,-438.00,O
NU,2025-09-02 09:30:33,-10950.0,14.505251142,14.8600,158832.5,-823.36,-150945.99,7063.15,-3884.50,C
NU,2025-10-13 14:56:48,10000.0,15.0293,15.0800,-150293.0,-750.22,151043.22,0.00,507.00,IA;O
NU,2025-11-18 10:48:08,-10000.0,15.36,15.3200,153600.0,-751.88,-151043.22,1804.90,400.00,C
NVDA,2025-01-27 15:14:00,4237.0,118.298890725,118.4200,-501232.4,-317.95,501550.35,0.00,513.14,O;P;SO
NVDA,2025-01-29 13:41:51,-4237.0,121.243901865,123.7000,513710.41,-332.95,-501550.35,11827.12,-10406.49,C;P;SO
NVDA,2025-09-17 14:58:07,887.0,169.38,170.2900,-150240.06,-66.54,150306.60,0.00,807.17,O
NVDA,2025-09-19 09:39:02,566.0,176.4,176.6700,-99842.4,-42.46,99884.86,0.00,152.82,O
NVDA,2025-10-10 13:02:18,-1453.0,187.393255334,183.1600,272282.4,-110.34,-250191.47,21980.59,6150.92,C;P
NVDA,2025-11-26 09:31:59,1000.0,182.0,180.2600,-182000.0,-75.02,182075.02,0.00,-1740.00,O
NVDA,2025-12-30 09:45:10,-1000.0,187.37,187.5400,187370.0,-75.17,-182075.02,5219.81,-170.00,C
OSCR,2025-07-07 10:01:05,9230.0,16.309667389,16.8100,-150538.23,-692.47,151230.70,0.00,4618.07,O;P
OSCR,2025-07-11 09:30:05,-9230.0,14.901123294,14.3800,137537.37,-694.01,-151230.70,-14387.34,4809.97,C;P
OSCR,2025-10-03 09:30:29,5000.0,19.8,21.6600,-99000.0,-375.11,99375.11,0.00,9300.00,O
OSCR,2025-10-07 10:03:04,3260.0,23.04,22.4700,-75110.4,-244.57,75354.97,0.00,-1858.20,O
OSCR,2025-10-09 14:53:58,4850.0,20.6,20.5400,-99910.0,-363.86,100273.86,0.00,-291.00,O
OSCR,2025-10-10 11:30:26,-13110.0,19.5,18.7700,255645.0,-985.71,-275003.94,-20344.65,9570.30,C;P
PDD,2025-03-26 10:06:51,206.0,121.3,122.4700,-24987.8,-16.49,25004.29,0.00,241.02,O
PDD,2025-03-27 11:17:56,500.0,124.49,124.3600,-62245.0,-37.52,62282.52,0.00,-65.00,O;P
PDD,2025-03-28 09:30:04,-706.0,122.1,120.4500,86202.6,-55.5,-87286.80,-1139.70,1164.90,C
PG,2025-02-18 10:10:14,1529.0,163.51,165.4300,-250006.79,-114.73,250121.52,0.00,2935.68,O;P;SO
PG,2025-02-26 13:40:48,-756.0,171.2,171.3000,129427.2,-60.45,-123670.29,5696.46,-75.60,C;SO
PG,2025-03-11 09:32:38,-773.0,174.5,173.1200,134888.5,-61.88,-126451.23,8375.39,1066.74,C
PG,2025-06-27 12:14:00,1880.0,159.565,159.8600,-299982.2,-141.09,300123.29,0.00,554.60,O
PG,2025-07-14 09:30:31,-1880.0,154.90106383,153.7600,291214.0,-141.36,-300123.29,-9050.65,2145.20,C;P
PNR,2025-12-29 09:52:11,3300.0,105.947336364,105.8000,-349626.21,-247.5,349873.71,0.00,-486.21,O
PYPL,2025-10-07 10:31:51,1336.0,74.8,74.6100,-99932.8,-100.23,100033.03,0.00,-253.84,O
PYPL,2025-10-10 14:54:56,-1336.0,70.919917665,69.8400,94749.01,-100.45,-100033.03,-5384.47,1442.77,C
QCOM,2025-01-24 12:18:52,-1188.0,173.53,172.1100,206153.64,-95.08,-189960.45,16098.11,1686.96,C;SO
QCOM,2025-02-12 15:58:28,1467.0,170.259863667,170.2900,-249771.22,-110.08,249881.30,0.00,44.21,IM;O;P
QCOM,2025-02-25 10:43:18,-1467.0,160.703210634,161.2200,235751.61,-116.89,-249881.30,-14246.58,-758.13,C;IM;P;SO
QQQ,2025-03-04 10:39:09,509.0,491.05,495.5500,-249944.45,-38.19,249982.64,0.00,2290.50,O;P
QQQ,2025-03-05 08:19:50,-1018.0,496.9,502.0100,505844.2,-90.62,-502859.43,2894.15,-5201.98,C;O;P
QQQ,2025-03-06 14:50:18,509.0,489.8,488.2000,-249308.2,-38.2,252876.79,3530.39,-814.40,C;IM;P
QQQ,2025-03-07 08:47:57,509.0,489.91,491.7900,-249364.19,-38.2,249402.39,0.00,956.92,O
QQQ,2025-03-12 08:31:21,-509.0,479.99,476.9200,244314.91,-45.07,-249402.39,-5132.55,1562.63,C
QQQ,2025-08-26 09:44:03,1750.0,570.418,572.6100,-998231.5,-131.3,998362.80,0.00,3836.00,O
QQQ,2025-09-25 09:36:39,-1750.0,590.000291429,593.5300,1032500.51,-132.58,-998362.80,34005.13,-6176.99,C;P
QQQ,2025-10-12 21:20:54,2000.0,599.8,602.0100,-1199600.0,-150.04,1199750.04,0.00,4420.00,O
QQQ,2025-10-30 09:35:39,-1000.0,630.0916,626.0500,630091.6,-75.19,-599875.02,30141.39,4041.60,C
QQQ,2025-11-04 10:42:35,320.0,626.708,619.2500,-200546.56,-25.61,200572.17,0.00,-2386.56,O
QQQ,2025-11-05 09:50:47,320.0,620.52,623.2800,-198566.4,-25.61,198592.01,0.00,883.20,O
QQQ,2025-11-06 10:38:09,-320.0,614.2,611.6700,196544.0,-25.66,-191960.01,4558.33,809.60,C
QQQ,2025-11-07 09:23:44,-320.0,607.66,609.7400,194451.2,-25.66,-191960.01,2465.53,-665.60,C
QQQ,2025-11-13 13:53:51,411.0,607.501381995,608.4000,-249683.07,-30.83,249713.90,0.00,369.33,O
QQQ,2025-11-20 13:50:06,-1411.0,589.019684621,585.6700,831106.78,-107.69,-864833.08,-33834.00,4726.41,C;P
RSP,2025-03-03 10:23:42,831.0,180.839398315,178.2600,-150277.54,-62.36,150339.90,0.00,-2143.48,O;P
RSP,2025-03-07 10:34:34,856.0,174.998049065,176.6900,-149798.33,-64.24,149862.57,0.00,1448.31,IM;O;P
RSP,2025-03-10 10:05:24,852.0,175.92,174.2000,-149883.84,-63.93,149947.77,0.00,-1465.44,O
RSP,2025-03-12 08:35:21,-1215.0,172.91,171.0700,210085.65,-97.22,-217568.07,-7579.64,2235.60,C
RSP,2025-03-28 11:03:40,-1324.0,172.222333837,171.8000,228022.37,-105.91,-232582.17,-4665.71,559.17,C;P
SPY,2025-03-04 10:28:43,436.0,574.718302752,576.8600,-250577.18,-32.72,250609.90,0.00,933.78,O;P
SPY,2025-03-05 08:23:29,-872.0,577.380917431,583.0600,503476.16,-79.58,-502307.79,1088.79,-4952.16,C;O;P
SPY,2025-03-06 14:49:56,436.0,573.73,572.7100,-250146.28,-32.72,251697.89,1518.89,-444.72,C
SPY,2025-03-13 09:32:46,896.0,558.225545536,551.4200,-500170.09,-67.24,500237.33,0.00,-6097.77,O;P
SPY,2025-03-13 09:56:50,-896.0,554.86974721,551.4200,497163.29,-81.21,-500237.33,-3155.24,3090.97,C;P
SPY,2025-03-14 10:11:18,-897.0,557.573209476,562.8100,500143.17,-81.36,-500061.80,0.00,-4697.40,O;P
SPY,2025-03-17 09:34:30,1794.0,564.24,567.1500,-1012246.56,-134.61,500061.80,-6128.78,5220.54,C;O;P
SPY,2025-03-18 09:55:15,-897.0,561.0,561.0200,503217.0,-81.45,-506190.59,-3055.03,-17.94,C;P
SPY,2025-03-18 10:55:06,-897.0,561.5,561.0200,503665.5,-81.46,-503584.04,0.00,430.56,O;P
SPY,2025-03-18 12:10:16,897.0,560.25916388,561.0200,-502552.47,-67.32,503584.04,964.26,682.47,C;P
SPY,2025-03-18 12:26:35,897.0,561.1,561.0200,-503306.7,-67.31,503374.01,0.00,-71.76,O;P
SPY,2025-03-18 12:43:38,-897.0,560.48,561.0200,502750.56,-81.43,-503374.01,-704.88,-484.38,C
SPY,2025-03-19 15:26:49,-877.0,568.0,567.1300,498136.0,-79.8,-498056.20,0.00,762.99,O;P
SPY,2025-03-20 09:34:44,877.0,564.42,565.4900,-494996.34,-65.81,498056.20,2994.05,938.39,C;P
SPY,2025-03-21 09:41:35,1520.0,559.641059211,563.9800,-850654.41,-114.06,850768.47,0.00,6595.19,O;P
SPY,2025-03-21 12:45:02,-1520.0,562.0,563.9800,854240.0,-138.05,-850768.47,3333.48,-3009.60,C
SPY,2025-03-21 15:11:57,-1520.0,561.520934211,563.9800,853511.82,-138.04,-853373.78,0.00,-3737.78,O;P
SPY,2025-03-24 12:07:20,1520.0,574.337389408,574.0800,-872992.83,-114.07,853373.78,-19733.12,-391.23,C;P
SPY,2025-03-27 09:32:12,-881.0,567.2107,567.0800,499712.63,-80.15,-499632.47,0.00,115.15,IA;O
SPY,2025-03-28 09:37:03,881.0,566.0,555.6600,-498646.0,-66.11,499632.47,920.37,-9109.54,C;P
SPY,2025-03-28 10:18:19,-1000.0,561.0,555.6600,561000.0,-90.8,-560909.20,0.00,5340.00,O
SPY,2025-03-28 10:38:50,1000.0,559.01548,555.6600,-559015.48,-75.04,560909.20,1818.68,-3355.48,C;P
SPY,2025-03-28 10:51:29,-1250.0,559.0,555.6600,698750.0,-113.43,-698636.57,0.00,4175.00,O;P
SPY,2025-03-28 15:31:24,1250.0,555.5,555.6600,-694375.0,-93.79,698636.57,4167.78,200.00,C
SPY,2025-03-31 12:29:14,-2500.0,554.5,559.3900,1386250.0,-226.54,-1386023.46,0.00,-12225.00,O;P
SPY,2025-03-31 15:07:02,2500.0,557.9992,559.3900,-1394998.0,-187.59,1386023.46,-9162.13,3477.00,C;P
SPY,2025-04-01 10:03:31,-1800.0,556.459742222,560.9700,1001627.54,-163.23,-1001464.31,0.00,-8118.46,O;P
SPY,2025-04-02 09:32:13,1800.0,556.0,564.5200,-1000800.0,-135.06,1001464.31,529.25,15336.00,C;P
SPY,2025-04-03 12:30:01,-1834.0,546.0,536.7000,1001364.0,-165.76,-1001198.24,0.00,17056.20,O;P
SPY,2025-04-04 11:12:17,1834.0,521.094825518,505.2800,-955687.91,-137.62,1001198.24,45372.72,-29004.39,C;P
SPY,2025-04-04 12:59:54,2941.0,512.15,505.2800,-1506233.15,-220.68,1506453.83,0.00,-20204.67,O;P
SPY,2025-04-04 15:27:58,-370.0,511.074740541,505.2800,189097.65,-33.09,-189523.26,-458.69,2144.05,C;IM;P
SPY,2025-04-04 15:30:47,-118.0,511.022,505.2800,60300.6,-11.55,-60442.55,-153.51,677.56,C
SPY,2025-04-04 15:32:16,-1585.0,511.9212,505.2800,811395.1,-141.77,-811876.68,-623.35,10526.30,C;IA
SPY,2025-04-04 15:51:53,-868.0,507.804043779,505.2800,440773.91,-77.54,-444611.33,-3914.96,2190.87,C;P
SPY,2025-04-07 11:59:16,2000.0,500.0,504.3800,-1000000.0,-150.07,1000150.07,0.00,8760.00,O;P
SPY,2025-04-08 10:58:12,-2000.0,518.0,496.4800,1036000.0,-179.2,-1000150.07,35670.73,43040.00,C;P
SPY,2025-04-09 09:32:35,2000.0,496.13005,548.6200,-992260.1,-150.09,992410.19,0.00,104979.90,O;P
SPY,2025-04-09 13:18:53,-2000.0,498.0354827,548.6200,996070.97,-178.1,-992410.19,3482.68,-101169.03,C;P
SPY,2025-04-10 08:32:17,1850.0,536.297567568,524.5800,-992150.5,-138.83,992289.33,0.00,-21677.50,O;P
SPY,2025-04-10 08:41:27,-1850.0,532.3,524.5800,984755.0,-166.5,-992289.33,-7700.83,14282.00,C;P
SPY,2025-04-14 09:41:48,-1850.0,540.033735135,539.1200,999062.41,-166.92,-998895.49,0.00,1690.41,O;P
SPY,2025-04-21 11:32:07,1850.0,512.55,513.8800,-948217.5,-138.81,998895.49,50539.18,2460.50,C
SPY,2025-04-22 12:10:37,2000.0,527.49034,527.2500,-1054980.68,-150.07,1055130.75,0.00,-480.68,O;P
SPY,2025-04-22 12:10:37,-2000.0,527.5,527.2500,1055000.0,-179.73,-1055130.75,-310.48,500.00,C;P
SPY,2025-04-22 12:10:38,34.0,527.5162,527.2500,-17935.55,-3.55,17939.10,0.00,-9.05,O
SPY,2025-04-22 12:11:35,-1934.0,527.506877353,527.2500,1020198.3,-173.82,-563292.22,-7.07,496.80,C;O;P
SPY,2025-04-22 17:30:26,1900.0,534.0,527.2500,-1014600.0,-142.57,1002092.45,-12650.11,-12825.00,C;P
SPY,2025-04-23 15:50:00,-1900.0,535.5,535.4200,1017450.0,-171.17,-1017278.83,0.00,152.00,O;P
SPY,2025-04-24 14:51:30,1900.0,546.75,546.6900,-1038825.0,-142.57,1017278.83,-21688.73,-114.00,C;P
SPY,2025-04-29 13:49:02,-2700.0,555.0,554.3200,1498500.0,-244.7,-1498255.30,0.00,1836.00,O;P
SPY,2025-04-30 13:32:16,2700.0,550.268555556,554.5400,-1485725.1,-202.62,1498255.30,12327.58,11532.90,C;IM;P
SPY,2025-05-05 09:55:01,-3000.0,562.5,563.5100,1687500.0,-272.52,-1687227.48,0.00,-3030.00,O;P
SPY,2025-05-06 12:13:56,3000.0,562.5,558.8000,-1687500.0,-225.1,1687227.48,-497.62,-11100.00,C;P
SPY,2025-05-29 10:05:01,845.0,590.5,590.0500,-498972.5,-63.4,499035.90,0.00,-380.25,O;SO
SPY,2025-05-30 12:28:50,-845.0,584.948402367,589.3900,494281.4,-63.55,-499035.90,-4818.05,-3753.15,C;P;SO
SPY,2025-10-08 09:54:12,2200.0,670.0,673.1100,-1474000.0,-165.05,1474165.05,0.00,6842.00,O
SPY,2025-10-10 12:54:03,-2200.0,659.089954545,653.0200,1449997.9,-166.65,-1474165.05,-24333.80,13353.90,C;P
SPY,2025-12-08 10:02:56,365.0,685.676821918,683.6300,-250272.04,-27.38,250299.42,0.00,-747.09,O
SPY,2025-12-08 10:24:46,50.0,684.7892,683.6300,-34239.46,-4.75,34244.21,0.00,-57.96,O;P
SPY,2025-12-08 10:53:54,50.0,684.21,683.6300,-34210.5,-4.75,34215.25,0.00,-29.00,O;P
SPY,2025-12-08 11:23:53,50.0,683.97894,683.6300,-34198.95,-4.75,34203.70,0.00,-17.45,O;P
SPY,2025-12-08 11:53:53,50.0,683.29,683.6300,-34164.5,-4.75,34169.25,0.00,17.00,O;P
SPY,2025-12-08 13:19:54,50.0,683.765,683.6300,-34188.25,-4.75,34193.00,0.00,-6.75,IM;O;P
SPY,2025-12-08 13:49:53,50.0,682.6788,683.6300,-34133.94,-4.75,34138.69,0.00,47.56,O
SPY,2025-12-30 07:36:17,-665.0,687.5,687.0100,457187.5,-49.99,-455463.51,1674.00,325.85,C
T,2025-07-17 08:41:40,-3723.0,26.85,26.9900,99962.55,-279.94,-99682.61,0.00,-521.22,O
T,2025-08-08 10:41:04,3723.0,28.19,28.0800,-104951.37,-279.31,99682.61,-5548.07,-409.53,C
TGT,2025-05-21 09:49:31,1089.0,91.725918274,93.0100,-99889.52,-81.73,99971.25,0.00,1398.36,IM;O;P
TGT,2025-05-22 11:06:14,-1089.0,95.104692378,95.0600,103569.01,-81.91,-99971.25,3515.85,48.67,C;P
THC,2025-08-08 10:40:07,-600.0,164.463333333,165.5800,98678.0,-45.11,-98632.89,0.00,-670.00,O
THC,2025-08-11 09:35:16,-600.0,166.9,166.6300,100140.0,-45.11,-100094.89,0.00,162.00,O
THC,2025-08-14 10:07:54,600.0,173.54,172.3600,-104124.0,-45.02,98632.89,-5536.13,-708.00,C
THC,2025-08-14 10:16:28,600.0,173.313333333,172.3600,-103988.0,-45.02,100094.89,-3938.13,-572.00,C
TSLA,2025-08-12 09:58:55,1190.0,336.0,340.8400,-399840.0,-89.28,399929.28,0.00,5759.60,O
TSLA,2025-08-20 09:54:12,-1190.0,320.21,323.9000,381049.9,-89.48,-399929.28,-18968.86,-4391.10,C;P
TSM,2025-01-28 09:50:14,2564.0,193.946308502,202.4000,-497278.34,-192.41,497470.75,0.00,21675.26,O;P;SO
TSM,2025-01-29 14:00:39,-2564.0,200.64,202.3300,514440.96,-207.12,-497470.75,16763.10,-4333.16,C;P;SO
TSM,2025-01-30 15:24:53,2396.0,208.5,208.1500,-499566.0,-179.78,499745.78,0.00,-838.60,O;SO
TSM,2025-02-03 10:05:05,1246.0,200.6,199.8000,-249947.6,-93.49,250041.09,0.00,-996.80,O;P;SO
TSM,2025-02-26 13:33:15,-1837.0,193.422966794,194.6200,355317.99,-148.02,-383152.34,-27982.37,-2198.95,C;P;SO
TSM,2025-03-11 09:35:11,-1805.0,170.0,170.9700,306850.0,-144.27,-366634.54,-59928.81,-1750.85,C;P
UNH,2025-05-21 10:18:02,327.0,305.0,302.9800,-99735.0,-26.17,99761.17,0.00,-660.54,O;P
UNH,2025-05-27 10:16:01,-327.0,290.0,295.0000,94830.0,-26.23,-99761.17,-4957.40,-1635.00,C;SO
UNH,2025-06-10 15:55:14,330.0,303.2,303.7900,-100056.0,-26.41,100082.41,0.00,194.70,O;P
UNH,2025-07-01 11:27:16,-330.0,325.0,326.1400,107250.0,-26.46,-100082.41,7141.13,-376.20,C
V,2025-02-07 09:47:09,-1430.0,350.16,348.0200,500728.8,-121.46,-500607.34,0.00,3060.20,O;P;SO
V,2025-02-11 10:46:51,1430.0,347.256468531,350.7200,-496576.75,-107.32,500607.34,3923.28,4952.85,C;P;SO
V,2025-03-07 09:49:30,437.0,344.24,345.3200,-150432.88,-32.79,150465.67,0.00,471.96,O
V,2025-03-28 10:00:00,-437.0,348.750457666,342.8500,152403.95,-37.1,-150465.67,1901.18,2578.50,C;P
V,2025-06-13 10:18:16,571.0,349.98,352.8500,-199838.58,-42.85,199881.43,0.00,1638.77,O;P
V,2025-06-18 15:39:40,-571.0,338.91,340.3800,193517.61,-42.95,-199881.43,-6406.77,-839.37,C
V,2025-07-11 09:34:12,-850.0,352.801247059,347.9300,299881.06,-63.91,-299817.15,0.00,4140.56,O;P
V,2025-07-21 09:47:22,850.0,350.793035294,350.9400,-298174.08,-63.77,299817.15,1579.29,124.92,C;IM;P
V,2025-11-11 15:18:17,885.0,338.809096045,338.9200,-299846.05,-66.39,299912.44,0.00,98.15,O
V,2025-11-11 15:18:17,-885.0,338.752928814,338.9200,299796.34,-66.54,-299912.44,-182.64,-147.86,C
V,2025-11-11 15:21:38,-885.0,338.545,338.9200,299612.32,-66.54,-299545.78,0.00,-331.88,O
V,2025-11-18 11:29:35,885.0,320.316214689,321.1800,-283479.85,-66.39,299545.78,15999.54,764.45,C
VICI,2025-03-26 09:59:32,1570.0,31.847292994,31.9000,-50000.25,-117.82,50118.07,0.00,82.75,O;P
VICI,2025-03-27 11:21:36,3500.0,32.3293,31.8800,-113152.55,-262.66,113415.21,0.00,-1572.55,IA;O;P
VICI,2025-04-01 10:00:01,-5070.0,32.303208974,32.4400,163777.27,-385.88,-163533.28,-141.89,-693.53,C;P
VIRT,2025-01-10 14:12:47,4316.0,34.75,34.6400,-149981.0,-323.85,150304.85,0.00,-474.76,O;P;SO
VIRT,2025-01-15 11:06:26,2785.0,35.917163375,35.9900,-100029.3,-209.0,100238.30,0.00,202.85,O;P;SO
VIRT,2025-01-22 14:28:40,-1597.0,37.457207264,37.4100,59819.16,-121.77,-55615.75,4081.64,75.39,C;P;SO
VIRT,2025-01-22 14:29:15,-148.0,37.4,37.4100,5535.2,-12.28,-5154.02,368.90,-1.48,C;P;SO
VIRT,2025-01-22 14:30:56,-5356.0,37.380754294,37.4100,200211.32,-408.34,-189773.39,10029.59,-156.64,C;P;SO
VIRT,2025-02-18 10:20:13,6749.0,37.038001926,37.7300,-249969.48,-506.45,250475.93,0.00,4670.30,O;P;SO
VIRT,2025-02-25 10:42:43,-6749.0,34.927786191,35.1000,235727.63,-514.15,-250475.93,-15262.45,-1162.27,C;P;SO
VTV,2025-11-24 09:30:28,2156.0,185.5,185.3000,-399938.0,-161.75,400099.75,0.00,-431.20,O
VTV,2025-12-15 11:18:22,646.0,193.217473684,193.2300,-124818.49,-48.45,124866.94,0.00,8.09,O
VTV,2025-12-24 09:47:11,1300.0,192.377679308,192.8700,-250090.98,-97.5,250188.48,0.00,640.02,O
VTWO,2025-06-09 12:15:43,5800.0,86.178275862,86.2300,-499834.0,-435.26,500269.26,0.00,300.00,O;P
VTWO,2025-06-23 12:37:02,-5800.0,83.60187931,85.5600,484890.9,-436.22,-500269.26,-15814.58,-11357.10,C;P
VTWO,2025-09-08 12:18:05,5200.0,96.028365385,96.3700,-499347.5,-390.11,499737.61,0.00,1776.50,O
VTWO,2025-10-10 11:33:19,-5200.0,97.140857692,96.1300,505132.46,-390.98,-499737.61,5003.87,5256.46,C
VTWO,2025-11-17 08:15:34,1000.0,95.83,94.1000,-95830.0,-75.02,95905.02,0.00,-1730.00,O
VTWO,2025-11-18 14:16:43,528.0,94.615,94.3800,-49956.72,-39.61,49996.33,0.00,-124.08,O
VTWO,2025-11-24 10:24:10,518.0,96.29,96.9700,-49878.22,-38.86,49917.08,0.00,352.24,O
VWO,2025-11-25 09:33:59,5600.0,53.645428571,53.8500,-300414.4,-420.12,300834.52,0.00,1145.60,O
XLE,2025-12-02 09:08:57,3833.0,91.388351161,90.1400,-350291.55,-287.48,350579.02,0.00,-4784.93,O
XLE,2025-12-23 09:30:00,5650.0,44.31,44.5000,-250351.5,-423.75,250775.25,0.00,1073.50,O
XLF,2025-07-14 14:22:00,19044.0,52.52778996,52.5500,-1000339.23,-1428.81,1001768.05,0.00,422.97,IM;O;P
XLF,2025-08-22 08:53:11,-19044.0,52.88,53.5700,1007046.72,-1431.96,-1001768.05,3846.71,-13140.36,C
XLF,2025-10-28 09:58:47,14000.0,53.23,52.9900,-745220.0,-1050.31,746270.31,0.00,-3360.00,O
XLF,2025-11-03 13:27:16,-4620.0,52.04,52.1500,240424.8,-347.37,-246269.20,-6191.77,-508.20,C
XLF,2025-11-07 09:26:05,-2000.0,52.311185,52.7800,104622.37,-150.38,-106610.04,-2138.05,-937.63,C
USD.CAD,2025-04-09 09:22:23,24.0,1.41655,,-34.0,-10.0,,,-0.15,
USD.CAD,2025-04-30 14:39:55,38.0,1.379,,-52.4,-10.0,,,0.02,
USD.CAD,2025-05-02 22:30:19,0.9196,1.38195,,-1.27,0.0,,,0.00,
USD.CAD,2025-05-23 09:55:04,45.0,1.37785,,-62.0,-10.0,,,-0.15,SO
USD.CAD,2025-05-27 21:59:22,1.2355,1.38135,,-1.71,0.0,,,0.00,
USD.CAD,2025-11-19 09:03:29,1596.37,1.40195,,-2238.03,-10.0,,,3.41,
USD.CAD,2025-11-21 22:00:37,-2.7899,1.41015,,3.93,0.0,,,0.00,
USD.CAD,2025-12-31 08:20:22,341.85,1.3693,,-468.1,-10.0,,,0.81,
USD.CHF,2025-11-21 22:00:37,0.2597,0.80858,,-0.21,0.0,,,0.00,
USD.CHF,2025-12-05 22:54:24,1.603,0.80473,,-1.29,0.0,,,0.00,
USD.HKD,2025-04-30 14:42:35,25.0,7.75614,,-193.9,-10.0,,,0.00,
USD.HKD,2025-05-02 22:30:19,0.5286,7.75005,,-4.1,0.0,,,0.00,
USD.HKD,2025-05-07 22:20:53,0.0708,7.76165,,-0.55,0.0,,,0.00,
USD.HKD,2025-06-06 22:17:44,2.0148,7.84705,,-15.81,0.0,,,0.00,
USD.HKD,2025-07-07 23:20:16,1.9491,7.84965,,-15.3,0.0,,,0.00,
USD.HKD,2025-08-07 22:31:45,1.9708,7.84995,,-15.47,0.0,,,0.00,
USD.HKD,2025-11-19 09:03:04,26.18,7.787495592,,-203.88,-10.0,,,0.01,
USD.HKD,2025-11-21 22:00:37,0.0081,7.78265,,-0.06,0.0,,,0.00,
USD.PLN,2025-02-20 09:15:49,108.0,3.98585,,-430.47,-10.0,,,-0.63,SO
USD.SEK,2025-04-30 14:39:57,91.0,9.6583,,-878.91,-10.0,,,0.06,
USD.SEK,2025-05-02 22:30:19,0.3205,9.65715,,-3.1,0.0,,,0.00,
USD.SEK,2025-05-07 22:20:53,0.2389,9.66765,,-2.31,0.0,,,0.00,
USD.SEK,2025-06-06 22:17:44,0.3536,9.64415,,-3.41,0.0,,,0.00,
USD.SEK,2025-07-07 23:20:16,0.3461,9.53385,,-3.3,0.0,,,0.00,
USD.SEK,2025-08-07 22:31:45,0.3566,9.56305,,-3.41,0.0,,,0.00,
USD.SEK,2025-09-08 21:58:26,0.3645,9.35625,,-3.41,0.0,,,0.00,
USD.SEK,2025-10-07 21:54:59,0.3509,9.40225,,-3.3,0.0,,,0.00,
USD.SEK,2025-11-07 23:01:19,0.358,9.52745,,-3.41,0.0,,,0.00,
USD.SEK,2025-12-05 22:54:24,0.351,9.40025,,-3.3,0.0,,,0.00,
AUD.USD,2025-04-09 09:22:23,-83.0,0.60355,,50.09,-10.0,,,-1.00,
AUD.USD,2025-04-09 09:22:23,-0.95728,0.60355,,0.58,0.0,,,-0.01,
AUD.USD,2025-11-19 09:03:13,-66.0,0.6482,,42.78,-10.0,,,0.02,
CHF.USD,2025-05-23 09:55:04,-33.0,1.21435,,40.07,-10.0,,,-0.12,SO
CHF.USD,2025-11-19 09:03:23,-98.0,1.2459,,122.1,-10.0,,,0.44,
DKK.USD,2025-05-07 22:20:53,-10.81,0.15137,,1.64,0.0,,,0.01,
DKK.USD,2025-06-06 22:17:44,-0.89,0.15267,,0.14,0.0,,,0.00,
DKK.USD,2025-07-07 23:20:16,-0.9,0.15684,,0.14,0.0,,,0.00,
DKK.USD,2025-08-07 22:31:45,-0.93,0.15618,,0.15,0.0,,,0.00,
DKK.USD,2025-09-08 21:58:26,-0.93,0.15743,,0.15,0.0,,,0.00,
DKK.USD,2025-10-07 21:54:59,-0.9,0.15604,,0.14,0.0,,,0.00,
DKK.USD,2025-11-07 23:01:19,-0.93,0.15478,,0.14,0.0,,,0.00,
DKK.USD,2025-12-05 22:54:24,-0.9,0.15579,,0.14,0.0,,,0.00,
EUR.USD,2025-02-20 09:15:49,-108882.0,1.04479,,113758.82,-11.38,,,-578.16,SO
EUR.USD,2025-02-20 09:15:49,-0.92325,1.04479,,0.96,0.0,,,0.00,
EUR.USD,2025-04-09 09:22:23,-519.0,1.10725,,574.66,-10.0,,,6.36,
EUR.USD,2025-04-09 09:22:23,-0.77,1.10725,,0.85,0.0,,,0.01,
EUR.USD,2025-04-30 14:39:55,-190.0,1.134553526,,215.57,-10.0,,,0.33,P
EUR.USD,2025-04-30 14:40:03,-0.17315,1.13455,,0.2,0.0,,,0.00,
EUR.USD,2025-05-23 09:55:04,-404.0,1.132,,457.33,-10.0,,,-1.82,SO
EUR.USD,2025-05-23 09:55:04,-0.3526,1.132,,0.4,0.0,,,0.00,
EUR.USD,2025-11-19 09:02:58,-1536.17,1.1571,,1777.5,-10.0,,,5.07,
EUR.USD,2025-11-28 10:57:01,1000000.0,1.15997,,-1159970.0,-116.0,,,-270.00,
GBP.USD,2025-04-09 09:22:23,-54.0,1.27911,,69.07,-10.0,,,-0.17,
GBP.USD,2025-04-30 14:39:55,-27.0,1.3339,,36.02,-10.0,,,0.02,
GBP.USD,2025-05-07 22:20:53,-2.68,1.32915,,3.56,0.0,,,0.01,
GBP.USD,2025-05-23 09:55:04,-18.0,1.34885,,24.28,-10.0,,,-0.09,SO
GBP.USD,2025-11-19 09:03:18,-82.37,1.3117,,108.04,-10.0,,,0.48,
GBP.USD,2025-12-05 22:54:24,-0.3,1.33315,,0.4,0.0,,,0.00,
PLN.USD,2025-02-24 22:08:42,-5.3982,0.25237737,,1.36,0.0,,,-0.01,
RAGB 0.85 06/30/2120 2.47169249%,2025-02-11 09:18:08,-5000.0,41.25,40.8510,2062.5,-23.56,-2456.88,-417.94,19.95,C;SO
RAGB 0.85 06/30/2120 2.4754456%,2025-02-11 09:36:38,-2000.0,41.18,40.8510,823.6,-9.41,-982.75,-168.56,6.58,C;SO
RAGB 0.85 06/30/2120 2.47299489%,2025-02-11 09:36:51,-243000.0,41.15781893,40.8510,100013.5,-968.37,-118432.88,-19387.75,745.57,C;P;SO
T 1 3/4 03/15/25 3.94813753%,2025-01-30 10:46:17,1000000.0,99.707,99.714844,-997070.0,-300.0,997370.00,0.00,78.44,O;SO
T 1 3/4 03/15/25 3.98681331%,2025-01-30 11:17:05,1100000.0,99.705,99.714844,-1096755.0,-301.5,1097056.50,0.00,108.28,O;SO
T 1 3/4 03/15/25 4.43578333%,2025-02-06 08:42:22,-1000000.0,99.761,99.785156,997610.0,-301.05,-997370.00,-61.05,-241.56,C;SO
T 4 1/2 11/15/54 4.81122856%,2025-01-17 09:03:00,-3000000.0,95.1035156,94.6250,2853105.47,-331.05,-2780942.62,71831.80,14355.47,C;SO
T 4 1/2 11/15/54 4.78436048%,2025-01-27 08:32:08,-1500000.0,95.5234375,95.7500,1432851.56,-308.55,-1432543.01,0.00,-3398.44,O;SO
T 4 1/2 11/15/54 4.74455808%,2025-01-30 08:53:57,1500000.0,96.09375,95.859375,-1441406.25,-307.5,1432543.01,-9170.74,-3515.62,C;SO
T 4 1/2 11/15/54 4.69622874%,2025-02-05 09:03:48,1500000.0,96.84375,97.734375,-1452656.25,-307.5,1452963.75,0.00,13359.38,O;SO
T 4 1/2 11/15/54 4.67573995%,2025-02-05 09:18:59,100000.0,97.109375,97.734375,-97109.38,-75.0,97184.38,0.00,625.00,O;SO
T 4 1/2 11/15/54 4.65512376%,2025-02-05 12:00:56,-1600000.0,97.52734375,97.734375,1560437.5,-310.05,-1550148.13,9979.32,-3312.50,C;SO
T 4 1/2 11/15/54 4.64010744%,2025-02-06 08:42:51,1000000.0,97.71484375,97.6875,-977148.44,-300.0,977448.44,0.00,-273.44,O;SO
T 4 1/2 11/15/54 4.83263936%,2025-02-12 08:38:18,-1000000.0,94.802734375,94.796875,948027.34,-301.05,-977448.44,-29722.15,58.59,C;SO
T 4 1/4 05/15/35 4.39755098%,2025-07-11 10:02:19,1000000.0,98.796875,98.734375,-987968.75,-300.0,988268.75,0.00,-625.00,O
T 4 1/4 05/15/35 4.05912423%,2025-09-05 11:28:31,-1000000.0,101.541015625,101.453125,1015410.16,-300.0,-988268.75,26841.41,878.91,C
T 4 1/4 11/15/34 4.63653657%,2025-01-07 08:30:33,1500000.0,96.9453125,96.5780,-1454179.69,-307.5,1454487.19,0.00,-5509.69,O
T 4 1/4 11/15/34 4.75966835%,2025-01-13 08:00:08,1500000.0,96.0082125,95.9375,-1440123.19,-307.5,1440430.69,0.00,-1060.69,O
T 4 1/4 11/15/34 4.5822854%,2025-01-17 09:03:29,-3000000.0,97.40234375,97.1875,2922070.31,-331.05,-2894917.88,26821.38,6445.31,C;SO
T 4 1/4 11/15/34 4.5445245%,2025-01-27 08:30:58,-1500000.0,97.70703125,97.671875,1465605.47,-308.55,-1465296.92,0.00,527.34,O;SO
T 4 1/4 11/15/34 4.49854066%,2025-01-30 08:54:16,1500000.0,98.0234375,97.921875,-1470351.56,-307.5,1465296.92,-5362.14,-1523.44,C;SO
T 4 1/4 11/15/34 4.41767285%,2025-02-05 12:01:40,1600000.0,98.656,98.65625,-1578496.0,-309.0,1578805.00,0.00,4.00,O;SO
T 4 1/4 11/15/34 4.44989385%,2025-02-06 08:06:06,1000000.0,98.39453125,98.53125,-983945.31,-300.0,984245.31,0.00,1367.19,O;SO
T 4 1/4 11/15/34 4.63315567%,2025-02-12 08:38:40,-2600000.0,97.02734375,97.046875,2522710.94,-325.05,-2563050.31,-40664.42,-507.81,C;SO
T 4 5/8 02/15/35 4.49706706%,2025-04-11 09:32:32,500000.0,100.97265625,101.0625,-504863.28,-150.0,505013.28,0.00,449.22,O
T 4 5/8 02/15/35 4.56323101%,2025-04-11 11:18:52,500000.0,100.44961875,101.0625,-502248.09,-150.0,502398.09,0.00,3064.41,O
T 4 5/8 02/15/35 4.55134145%,2025-04-11 11:21:12,1000000.0,100.54336875,101.0625,-1005433.69,-300.0,1005733.69,0.00,5191.31,O
T 4 5/8 02/15/35 4.21766036%,2025-04-28 15:03:34,-1000000.0,103.266,103.265625,1032660.0,-300.0,-1007411.37,24948.63,3.75,C
T 4 5/8 02/15/35 4.17483553%,2025-04-29 15:09:03,-1000000.0,103.61328125,103.65625,1036132.81,-300.0,-1005733.69,30099.12,-429.69,C
T 4 5/8 02/15/35 4.35057549%,2025-05-06 12:47:49,2000000.0,102.14453125,102.515625,-2042890.63,-315.0,2043205.63,0.00,7421.87,O
T 4 5/8 02/15/35 4.19452953%,2025-07-01 08:13:03,-2000000.0,103.390625,103.0625,2067812.5,-315.0,-2043205.63,24291.87,6562.50,C
T 4 5/8 02/15/35 4.40320387%,2025-07-08 10:15:44,1000000.0,101.6875,101.734375,-1016875.0,-300.0,1017175.00,0.00,468.75,O
T 4 5/8 02/15/35 4.03375802%,2025-09-05 11:28:29,-1000000.0,104.62890625,104.53125,1046289.06,-300.0,-1017175.00,28814.06,976.56,C
T 4 5/8 02/15/35 4.073408%,2025-11-03 13:39:54,1000000.0,104.19140625,104.2500,-1041914.06,-300.0,1042214.06,0.00,585.94,O
T 4 5/8 02/15/35 4.07291064%,2025-11-03 13:51:42,1000000.0,104.1953125,104.2500,-1041953.13,-300.0,1042253.13,0.00,546.87,O
T 4 5/8 02/15/35 4.02285788%,2025-11-12 13:01:21,-2000000.0,104.625,104.546875,2092500.0,-315.0,-2084467.19,7717.81,1562.50,C
T 4 5/8 02/15/55 4.94833642%,2025-04-11 09:38:46,1000000.0,94.94921875,96.15625,-949492.19,-300.0,949792.19,0.00,12070.31,O
T 4 5/8 02/15/55 4.96825395%,2025-04-11 11:18:40,1000000.0,94.65234375,96.15625,-946523.44,-300.0,946823.44,0.00,15039.06,O
T 4 5/8 02/15/55 4.69893711%,2025-04-28 14:40:34,-2000000.0,98.830078125,98.953125,1976601.56,-315.0,-1896615.63,79670.93,-2460.94,C
T 4 5/8 02/15/55 4.85922714%,2025-05-06 12:19:19,1000000.0,96.296875,97.015625,-962968.75,-300.0,963268.75,0.00,7187.50,O
T 4 5/8 02/15/55 4.95235515%,2025-05-13 11:54:13,1000000.0,94.89453125,94.90625,-948945.31,-300.0,949245.31,0.00,117.19,O
T 4 5/8 02/15/55 4.78031789%,2025-07-01 09:32:53,-2000000.0,97.557445312,97.515625,1951148.91,-315.0,-1912514.06,38319.85,836.41,C;P
T 4 5/8 02/15/55 4.96145764%,2025-07-08 10:15:00,1000000.0,94.7734375,95.0000,-947734.38,-300.0,948034.38,0.00,2265.62,O
T 4 5/8 02/15/55 4.90914523%,2025-07-11 08:45:56,2000000.0,95.5703125,94.84375,-1911406.25,-315.0,1911721.25,0.00,-14531.25,O
T 4 5/8 02/15/55 5.00658328%,2025-07-15 11:02:11,1000000.0,94.109375,93.921875,-941093.75,-300.0,941393.75,0.00,-1875.00,O
T 4 5/8 02/15/55 4.8641922%,2025-08-08 10:06:29,-4000000.0,96.28125,96.3125,3851250.0,-345.0,-3801149.38,49755.62,-1250.00,C
T 4 5/8 02/15/55 4.90172549%,2025-08-15 08:52:21,2000000.0,95.69180625,95.28125,-1913836.13,-315.0,1914151.13,0.00,-8211.13,O
T 4 5/8 02/15/55 4.91194073%,2025-08-22 08:58:10,-2000000.0,95.5703125,95.90625,1911406.25,-315.0,-1914151.13,-3059.88,-6718.75,C
T 4 5/8 02/15/55 4.73866931%,2025-09-18 10:46:45,2000000.0,98.1798875,98.46875,-1963597.75,-315.0,1963912.75,0.00,5777.25,O;P
T 4 5/8 02/15/55 4.71584332%,2025-10-03 10:27:14,-2000000.0,98.57421875,98.53125,1971484.38,-315.0,-1963912.75,7256.63,859.38,C
T 4 5/8 02/28/25 4.3272222%,2025-01-07 08:25:50,-3000000.0,100.04263375,100.058594,3001279.01,-331.05,-3001780.86,-832.90,-478.81,C
T 4 5/8 11/15/44 4.78588161%,2025-12-10 08:24:44,2000000.0,97.9925875,98.453125,-1959851.75,-315.0,1960166.75,0.00,9210.75,O
T 4 5/8 11/15/44 4.79714188%,2025-12-23 08:58:26,-1000000.0,97.90234375,98.171875,979023.44,-300.0,-980083.38,-1359.94,-2695.31,C
XIT 4 1/2 11/15/54 4.98973622%,2025-01-10 08:55:59,1500000.0,92.4140625,93.0625,-1386210.94,-307.5,1386518.44,0.00,9726.56,O;SO
XIT 4 1/2 11/15/54 4.95607904%,2025-01-14 08:32:32,1500000.0,92.941111817,92.734375,-1394116.68,-307.5,1394424.18,0.00,-3101.06,O;P
912797LW5 4.296%,2025-04-11 09:22:12,1000000.0,98.9862958,98.977146,-989862.96,-300.0,990162.96,0.00,-91.50,O
912797NA1 0.0%,2025-08-28 10:57:27,2000000.0,99.28958333,99.287861,-1985791.67,-315.0,1986106.67,0.00,-34.45,O
912797NG8 4.33154832%,2025-01-30 11:29:34,1400000.0,99.8699861,99.8575,-1398179.81,-306.0,1398485.81,0.00,-174.81,O;SO
912797NG8 4.29335868%,2025-02-05 09:00:26,-1400000.0,99.9413819,99.928958,1399179.35,-306.0,-1398485.81,387.54,173.94,C;SO
912797PH4 4.30239299%,2025-04-11 09:23:01,2000000.0,99.65933056,99.659451,-1993186.61,-315.0,1993501.61,0.00,2.41,O
912797PQ4 4.261%,2025-04-30 14:38:46,3000000.0,98.6298472,98.625715,-2958895.42,-330.0,2959225.42,0.00,-123.97,O
912797QE0 0.0%,2025-09-10 14:24:13,1000000.0,99.685,99.684028,-996850.0,-300.0,997150.00,0.00,-9.72,O
912797QE0 0.0%,2025-09-22 09:55:32,-100000.0,99.82182222,99.821111,99821.82,-75.0,-99715.00,31.82,0.71,C
912797QE0 0.0%,2025-09-23 12:53:38,-900000.0,99.83247917,99.831979,898492.31,-270.0,-897435.00,787.31,4.50,C
912797RL3 0.0%,2025-11-06 10:09:07,2000000.0,99.05625,99.058125,-1981125.0,-315.0,1981440.00,0.00,37.50,O
912797RL3 0.0%,2025-11-18 09:38:01,3000000.0,99.18425,99.182083,-2975527.5,-330.0,2975857.50,0.00,-65.01,O
912797RL3 0.0%,2025-12-10 08:22:50,-350000.0,99.43836667,99.441167,348034.28,-105.0,-346752.00,1177.28,-9.80,C
912797RP4 0.0%,2025-08-25 14:36:48,2000000.0,99.05237499,99.04625,-1981047.5,-315.0,1981362.50,0.00,-122.50,O
912797RP4 0.0%,2025-08-27 15:56:27,1000000.0,99.082,99.072944,-990820.0,-300.0,991120.00,0.00,-90.56,O
